<?xml version="1.0" encoding="UTF-8"?>
<opml version="2.0">
  <head>
    <title>NewsWire OSINT Ukraine</title>
    <dateCreated>Sun, 23 Oct 2022 13:01:13</dateCreated>
  </head>
  <body>
    <outline text="Belarus Sources">
      <outline text="Belarus via Slava Ukraini on Inoreader" type="rss" xmlUrl="https://www.inoreader.com/stream/user/1005520529/tag/Belarus" htmlUrl="https://www.inoreader.com/stream/user/1005520529/tag/Belarus/view/html" description=""/>
    </outline>
    <outline text="Collabo">
      <outline text="Коллаборант: Все коллаборанты оккупационного режима РФ" type="rss" xmlUrl="https://evocation.info/category/collaborator/feed/" htmlUrl="&lt;https://evocation.info/wp-json/&gt;; rel=https://api.w.org/, https://evocation.info/wp-json/wp/v2/categories/42; type=application/json, &lt;https://evocation.info/category/collaborator/&gt;; rel=canonical" description=""/>
      <outline text="Пропагандист: Все российские и пророссийские пропагандисты" type="rss" xmlUrl="https://evocation.info/category/propagandist/feed/" htmlUrl="&lt;https://evocation.info/wp-json/&gt;; rel=https://api.w.org/, https://evocation.info/wp-json/wp/v2/categories/39; type=application/json, &lt;https://evocation.info/category/propagandist/&gt;; rel=canonical" description=""/>
    </outline>
    <outline text="DefMon">
      <outline text="DefMon3 via Name on Inoreader" type="rss" xmlUrl="https://www.inoreader.com/stream/user/1004571328/tag/DefMon3" htmlUrl="https://www.inoreader.com/stream/user/1004571328/tag/DefMon3/view/html" description=""/>
    </outline>
    <outline text="DFU">
      <outline text="DFU via SlavaUkraini on Inoreader" type="rss" xmlUrl="https://www.inoreader.com/stream/user/1005372069/tag/DFU" htmlUrl="https://www.inoreader.com/stream/user/1005372069/tag/DFU/view/html" description=""/>
    </outline>
    <outline text="Pub-UKR">
      <outline text="Amplify Ukraine" type="rss" xmlUrl="https://amplifyukraine.eu/category/ukraine/feed/" htmlUrl="https://amplifyukraine.eu/" description="Automated DeepL translations of Ukrainian Telegram Channels"/>
    </outline>
    <outline text="RSSAMPUKR">
      <outline text="All News" type="rss" xmlUrl="https://www.uawire.org/rss?projection=32" htmlUrl="https://www.uawire.org/Contents/Item/Display/32" description="All News"/>
      <outline text="AmplifyUkraine's favorite articles on Inoreader" type="rss" xmlUrl="https://www.inoreader.com/stream/user/1005343511/tag/user-favorites" htmlUrl="https://www.inoreader.com/stream/user/1005343511/tag/user-favorites/view/html" description=""/>
      <outline text="Bridge via SlavaUkraini on Inoreader" type="rss" xmlUrl="https://www.inoreader.com/stream/user/1005372069/tag/Bridge" htmlUrl="https://www.inoreader.com/stream/user/1005372069/tag/Bridge/view/html" description=""/>
      <outline text="Censor.NET - Articles" type="rss" xmlUrl="https://static.censor.net/censornet/rss/rss_en_resonance.xml" htmlUrl="https://censor.net/en" description="Latest, breaking news from Ukraine"/>
      <outline text="Censor.NET - News" type="rss" xmlUrl="https://static.censor.net/censornet/rss/rss_en_news.xml" htmlUrl="https://censor.net/en" description="Latest, breaking news from Ukraine"/>
      <outline text="Censor.NET - Video news" type="rss" xmlUrl="https://static.censor.net/censornet/rss/rss_en_video_news.xml" htmlUrl="https://censor.net/en" description="Latest, breaking news from Ukraine"/>
      <outline text="Dattalion Media" type="rss" xmlUrl="https://www.youtube.com/feeds/videos.xml?channel_id=UCfriUPvDZr3wV9zi3VQUyCg" htmlUrl="https://www.youtube.com/channel/UCfriUPvDZr3wV9zi3VQUyCg" description=""/>
      <outline text="Denys Davydov" type="rss" xmlUrl="https://www.youtube.com/feeds/videos.xml?channel_id=UCpr-NNORb2UQYDD3k-w-OFg" htmlUrl="https://www.youtube.com/channel/UCpr-NNORb2UQYDD3k-w-OFg" description=""/>
      <outline text="Did the War End?" type="rss" xmlUrl="https://feed.podbean.com/didthewarend/feed.xml" htmlUrl="https://didthewarend.podbean.com/" description="“Did the war end?” is just one of the millions of questions every Ukrainian has been asking since Russia began its all-out war on Feb. 24, 2022.&#10;&#10;On this podcast, three young Ukrainians will try to answer some of them. How did we get from 2014 to here? Is it time to call this a genocide? What is life like under Russian occupation? Join us as we chat with experts, journalists, and other Ukrainians to understand every aspect of the war that changed our lives, and is shaping history."/>
      <outline text="Drftng with Ukraine" type="rss" xmlUrl="https://cryptodrftng.substack.com/feed" htmlUrl="https://cryptodrftng.substack.com/" description="Exploration of [Ukrainian] space."/>
      <outline text="Dumbledore's army" type="rss" xmlUrl="https://www.magicfoodarmy.com/en/blog-feed.xml" htmlUrl="https://www.magicfoodarmy.com/blog" description="Dumbledore's army"/>
      <outline text="Glasnost Gone" type="rss" xmlUrl="https://www.youtube.com/feeds/videos.xml?channel_id=UCtDBsfXZd-jd7-9hq2vqiSg" htmlUrl="https://www.youtube.com/channel/UCtDBsfXZd-jd7-9hq2vqiSg" description=""/>
      <outline text="InformNapalm.org (English)" type="rss" xmlUrl="https://informnapalm.org/en/feed/" htmlUrl="https://informnapalm.org/en" description="Latest News from Ukraine"/>
      <outline text="Language Learner" type="rss" xmlUrl="https://feeds.soundcloud.com/users/soundcloud:users:1119330364/sounds.rss" htmlUrl="https://soundcloud.com/languagelearner224" description="Collection of audio for daily military updates regarding the situation in Ukraine, as broadcasted on the Myria Report twitter space."/>
      <outline text="Media Center Ukraine" type="rss" xmlUrl="https://www.youtube.com/feeds/videos.xml?channel_id=UCbOxNXZYN8iIRBVAZbD_K8A" htmlUrl="https://www.youtube.com/channel/UCbOxNXZYN8iIRBVAZbD_K8A" description=""/>
      <outline text="MilitaryLand.net" type="rss" xmlUrl="https://militaryland.net/feed/" htmlUrl="https://militaryland.net/" description=""/>
      <outline text="Nation nv.ua" type="rss" xmlUrl="https://fc.benborges.xyz/extract.php?url=https%3A%2F%2Fenglish.nv.ua%2Fnation.html&amp;feed_title=Nation+nv.ua&amp;max=10&amp;order=document&amp;guid=0&amp;url_contains%5B0%5D=nation" htmlUrl="https://english.nv.ua/nation.html" description="Feed created by FiveFilters.org"/>
      <outline text="Nova Ukraine" type="rss" xmlUrl="https://novaukraine.org/feed/" htmlUrl="https://novaukraine.org/" description=""/>
      <outline text="Opinion nv.ua" type="rss" xmlUrl="https://fc.benborges.xyz/extract.php?url=https%3A%2F%2Fenglish.nv.ua%2Fopinion.html&amp;feed_title=Opinion+nv.ua&amp;max=10&amp;order=document&amp;guid=0&amp;url_contains%5B0%5D=opinion&amp;strip_if_url%5B0%5D=opinion_author" htmlUrl="https://english.nv.ua/opinion.html" description="Feed created by FiveFilters.org"/>
      <outline text="Promote Ukraine" type="rss" xmlUrl="https://www.promoteukraine.org/feed/" htmlUrl="https://www.promoteukraine.org/" description="Media and expert platform for Ukraine and the EU"/>
      <outline text="The book of executioners of the Ukrainian people" type="rss" xmlUrl="https://fc.benborges.xyz/extract.php?url=https%3A%2F%2Frussian-torturers.com%2Fen%2F&amp;item=div.block__list&amp;item_title=h3&amp;item_url=a&amp;item_desc=p&amp;item_image=img.block__image.ng-lazyloaded&amp;unique_url=0&amp;unique_title=0&amp;max=10&amp;order=document&amp;guid=0&amp;url_contains%5B0%5D=%2Fprofile%2F" htmlUrl="https://russian-torturers.com/en/" description="Feed created by FiveFilters.org"/>
      <outline text="The Kyiv Independent" type="rss" xmlUrl="https://fc.benborges.xyz/extract.php?url=https%3A%2F%2Fkyivindependent.com%2Fnews-archive&amp;in_id_or_class=news-archive_articlesWrapper__3tp_h&amp;max=10&amp;order=document&amp;guid=0" htmlUrl="https://kyivindependent.com/news-archive" description="Feed created by FiveFilters.org"/>
      <outline text="The Ukraine Map" type="rss" xmlUrl="https://www.theukrainemap.com/blog-feed.xml" htmlUrl="https://www.theukrainemap.com/blog" description="The Ukraine Map"/>
      <outline text="Top Cargo200" type="rss" xmlUrl="https://topcargo200.com/rss/" htmlUrl="https://topcargo200.com/" description="Tracking All Russian Senior Officer Deaths In Ukraine"/>
      <outline text="Uaposition. Focus on Ukraine" type="rss" xmlUrl="https://uaposition.com/feed/" htmlUrl="https://uaposition.com/" description=""/>
      <outline text="UATV English" type="rss" xmlUrl="https://www.youtube.com/feeds/videos.xml?channel_id=UCOmfcmDrWs7iJrXx7V5Cnwg" htmlUrl="https://www.youtube.com/channel/UCOmfcmDrWs7iJrXx7V5Cnwg" description=""/>
      <outline text="Upcoming Events – Nova Ukraine" type="rss" xmlUrl="https://novaukraine.org/war-time-events/feed/" htmlUrl="https://novaukraine.org/" description=""/>
      <outline text="War in Ukraine. Daily updates" type="rss" xmlUrl="https://sharethetruths.org/feed/" htmlUrl="https://sharethetruths.org/" description="War in Ukraine. Multilingual daily updates in PDF. Share the truth about what is happening in Ukraine now"/>
    </outline>
    <outline text="RU-DISINFO">
      <outline text="Russian Disinformation Dashboard" type="rss" xmlUrl="https://ruprop.live/feed/" htmlUrl="https://ruprop.live/" description="Cognitive Dissonance about the Ukraine Invasion and Russian war crimes"/>
    </outline>
    <outline text="RU-telegram">
      <outline text="@telehunt_watch - Telegram group archive" type="rss" xmlUrl="https://russia.osintukraine.com/index.xml" htmlUrl="https://russia.osintukraine.com/" description="Public archive of Telegram messages."/>
    </outline>
    <outline text="Source UA Telegram">
      <outline text="AmplifyUkraine1" type="rss" xmlUrl="https://www.inoreader.com/stream/user/1005343511/tag/AmplifyUkraine" htmlUrl="https://www.inoreader.com/stream/user/1005343511/tag/AmplifyUkraine/view/html" description=""/>
      <outline text="AmplifyUkraine2" type="rss" xmlUrl="https://www.inoreader.com/stream/user/1005372069/tag/AmplifyUkraine" htmlUrl="https://www.inoreader.com/stream/user/1005372069/tag/AmplifyUkraine/view/html" description=""/>
    </outline>
    <outline text="TG-VideosRU">
      <outline text="@video_posts - Telegram Russian War videos archive" type="rss" xmlUrl="https://ruvideos.osintukraine.com/index.xml" htmlUrl="https://ruvideos.osintukraine.com/" description="Public archive of Telegram Videos from the Russian War on Ukraine."/>
    </outline>
    <outline text="UKR-telegram">
      <outline text="@amplifyukraine - Telegram group archive" type="rss" xmlUrl="https://ukraine.osintukraine.com/index.xml" htmlUrl="https://ukraine.osintukraine.com/" description="Public archive of Telegram messages."/>
    </outline>
    <outline text="Uncategorized">
      <outline text="Comments on: Ukrainian Forces" type="rss" xmlUrl="https://militaryland.net/ukraine/feed/" htmlUrl="&lt;https://militaryland.net/wp-json/&gt;; rel=https://api.w.org/, https://militaryland.net/wp-json/wp/v2/pages/34; type=application/json, &lt;https://militaryland.net/?p=34&gt;; rel=shortlink" description=""/>
      <outline text="Oryx" type="rss" xmlUrl="https://www.oryxspioenkop.com/feeds/posts/default" htmlUrl="https://www.oryxspioenkop.com/" description=""/>
      <outline text="Russia-Ukraine War Archives - Just Security" type="rss" xmlUrl="https://www.justsecurity.org/tag/russia-ukraine-war/feed/" htmlUrl="&lt;https://www.justsecurity.org/wp-json/&gt;; rel=https://api.w.org/, https://www.justsecurity.org/wp-json/wp/v2/tags/41753; type=application/json" description="A Forum on Law, Rights, and U.S. National Security"/>
      <outline text="Russia's war - The Kyiv Independent" type="rss" xmlUrl="https://fc.benborges.xyz/extract.php?url=https%3A%2F%2Fkyivindependent.com%2Ftag%2Frussias-war&amp;in_id_or_class=category_category__row__y38H_&amp;max=10&amp;order=document&amp;guid=0&amp;strip_if_url%5B0%5D=author&amp;strip_if_url%5B1%5D=category" htmlUrl="https://kyivindependent.com/tag/russias-war" description="Feed created by FiveFilters.org"/>
      <outline text="Russo-Ukrainian War 2022 to Current – The InfoMullet" type="rss" xmlUrl="https://infomullet.com/category/infomullet/foreign-affairs/russo-ukrainian-war-2022-to-current/feed/" htmlUrl="&lt;http://infomullet.com/wp-json/&gt;; rel=https://api.w.org/, http://infomullet.com/wp-json/wp/v2/categories/311; type=application/json" description="TLDR Up Front, Full Context in the Back"/>
      <outline text="Trans at the Front" type="rss" xmlUrl="https://sarahashtoncirillo.substack.com/feed" htmlUrl="https://transatthefront.substack.com/" description="Sarah Ashton-Cirillo is reporting from the frontlines of Ukraine's fight for liberty and the frontlines of America's fight for democracy."/>
      <outline text="Последние новости | Обозреватель" type="rss" xmlUrl="https://www.obozrevatel.com/out/rss/lastnews.xml" htmlUrl="https://www.obozrevatel.com/" description="Последние новости в Украине."/>
    </outline>
    <outline text="Videos">
      <outline text="#DigitalResistance" type="rss" xmlUrl="https://www.youtube.com/feeds/videos.xml?channel_id=UCk1qkuAJZWxzGxwP961nsog" htmlUrl="https://www.youtube.com/channel/UCk1qkuAJZWxzGxwP961nsog" description=""/>
      <outline text="DeepState" type="rss" xmlUrl="https://www.youtube.com/feeds/videos.xml?channel_id=UCMGRXVYg1wMA6e4zTGX-DwQ" htmlUrl="https://www.youtube.com/channel/UCMGRXVYg1wMA6e4zTGX-DwQ" description=""/>
      <outline text="Kyiv Independent" type="rss" xmlUrl="https://www.youtube.com/feeds/videos.xml?channel_id=UCGAC5yzlYgjKoJABDZ7zEyw" htmlUrl="https://www.youtube.com/channel/UCGAC5yzlYgjKoJABDZ7zEyw" description=""/>
      <outline text="UATV Channel" type="rss" xmlUrl="https://www.youtube.com/feeds/videos.xml?channel_id=UCt3igz3aIXfS108KV_jZsMA" htmlUrl="https://www.youtube.com/channel/UCt3igz3aIXfS108KV_jZsMA" description=""/>
      <outline text="Walter Report" type="rss" xmlUrl="https://www.youtube.com/feeds/videos.xml?channel_id=UC0wOFIRcbwQI1jsfxiD7sOg" htmlUrl="https://www.youtube.com/channel/UC0wOFIRcbwQI1jsfxiD7sOg" description=""/>
      <outline text="Zabby" type="rss" xmlUrl="https://www.youtube.com/feeds/videos.xml?channel_id=UCxc2Kkmuc8-BXVEQ82ChVow" htmlUrl="https://www.youtube.com/channel/UCxc2Kkmuc8-BXVEQ82ChVow" description=""/>
    </outline>
  </body>
</opml>
